{"cameraMode":{"drawMode":0,"name":"Shaded","section":"Shading Mode"},"sceneLighting":false,"audioPlay":false,"sceneViewState":{"m_AlwaysRefresh":false,"showFog":true,"showSkybox":true,"showFlares":true,"showImageEffects":true,"showParticleSystems":true,"showVisualEffectGraphs":true,"m_FxEnabled":true},"in2DMode":false,"pivot":{"x":47.116661071777347,"y":-2.122476100921631,"z":-2.1102781295776369},"rotation":{"x":-0.0013755271211266518,"y":-0.756730318069458,"z":0.6537255644798279,"w":-0.0015923030441626907},"size":36.53208541870117,"orthographic":true}