{"cameraMode":{"drawMode":0,"name":"Shaded","section":"Shading Mode"},"sceneLighting":false,"audioPlay":false,"sceneViewState":{"m_AlwaysRefresh":false,"showFog":true,"showSkybox":true,"showFlares":true,"showImageEffects":true,"showParticleSystems":true,"showVisualEffectGraphs":true,"m_FxEnabled":true},"in2DMode":false,"pivot":{"x":45.30215835571289,"y":10.265785217285157,"z":-2.8050355911254885},"rotation":{"x":-0.0076275537721812729,"y":-0.8161860704421997,"z":0.5776457190513611,"w":-0.010775408707559109},"size":31.545307159423829,"orthographic":true}